<?xml version="1.0" encoding="UTF-8"?>
<templates id="point_of_sale.template" xml:space="preserve">

        <t t-name="Chrome" t-inherit="point_of_sale.Chrome" t-inherit-mode="extension" owl="1">
            <xpath expr="//div[hasclass('pos-branding')]" position="replace">
                <t t-if="imageUrl">
                    <img class="pos-logo" t-on-click="trigger('toggle-debug-widget')"
                         t-att-src="imageUrl" alt="Logo" />
                    <TicketButton isTicketScreenShown="isTicketScreenShown" />

                </t>
                <t t-else="">
                    <img class="pos-logo" t-on-click="trigger('toggle-debug-widget')"
                         src="/point_of_sale/static/src/img/logo.png" alt="Logo" />
                    <TicketButton isTicketScreenShown="isTicketScreenShown" />
                </t>

            </xpath>
        </t>

</templates>