<?xml version="1.0" encoding="UTF-8"?>
<templates id="point_of_sale.template" xml:space="preserve">

        <t t-name="OrderReceipt" t-inherit="point_of_sale.OrderReceipt" t-inherit-mode="extension" owl="1">
                <xpath expr="//img[hasclass('pos-receipt-logo')]" position="replace">
                                <t t-if='imageUrl'>
                                    <img class="pos-receipt-logo" t-att-src="imageUrl"/>
                                </t>
                    <t t-else=''>
                                    <img class="pos-receipt-logo" src='/web/binary/company_logo'/>
                                </t>
                    <br/>
                    <br/>
                </xpath>
            <xpath expr="//span[@id='title_english']" position="replace"/>
            <xpath expr="//span[@id='title_arabic']" position="replace"/>
            <xpath expr="//div[hasclass('pos-receipt-contact')]" position="replace">
                         <div class="pos-receipt-contact" style="margin-top:-50px;">
                             <t t-if="receipt.company">
                    <div><t t-esc="receipt.company.name" /></div>
                </t>
                <t t-if="env.pos.config.branch_id">
                    <div><t t-esc="env.pos.config.branch_id[1]" /></div>
                </t>
                             <t t-if="receipt.company.phone">
                    <div>Tel:<t t-esc="receipt.company.phone"/></div>
                </t>
                             <t t-if="receipt.company.vat">
                    <div><t t-esc="receipt.company.vat_label"/>:
                        <t t-esc="receipt.company.vat"/></div>
                </t>
                             <t t-if="receipt.company.email">
                    <div><t t-esc="receipt.company.email" /></div>
                </t>
                             <t t-if="receipt.company.website">
                    <div><t t-esc="receipt.company.website" /></div>
                </t>
                             <t t-if="receipt.header_html">
                    <t t-raw="receipt.header_html"/>
                </t>
                             <t t-if="!receipt.header_html and receipt.header">
                    <div style="white-space:pre-line"><t t-esc="receipt.header" /></div>
                </t>

                             <h3 style="border-bottom: dotted !important;border-top: dotted !important;padding: 5px 0px 5px 0px;">
                                 <div>
                                 <span id="title_english">Simplified Tax Invoice</span>
                             </div>

                                 <div>
                                <span id="title_arabic">فاتورة ضريبية مبسطة</span>

                           </div>
                             </h3>
                             <t t-if="receipt.cashier">
                    <div class="cashier" style="border-bottom: dotted !important;padding: 5px 0px 5px 0px;">
                        <div>
                            <t t-if='receipt.client'>
                <h3>
                    <t t-esc='receipt.client.name'/>
                </h3>
            </t>
                        </div>
                        <t t-set="receipt_name" t-value="receipt.name.split(' ')"/>
                        <table style="font-size: 125%;width:100%;">
                            <tr>
                                <td align="left">Receipt#</td>
                                <td align="center"><t t-esc="receipt_name[1]"/></td>
                                <td align="right" dir="rtl">الفاتورة#</td>
                            </tr>
                            <tr>
                                <td align="left">Date</td>
                                <td align="center">
                                    <t t-if="receipt.date.localestring">
                    <div><t t-esc="receipt.date.localestring" /></div>
                </t>
                                    <t t-else="">
                    <div><t t-esc="receipt.date.validation_date" /></div>
                </t>
                                </td>
                                <td align="right">تاريخ</td>
                            </tr>
                            <tr>
                                <td align="left">Cashier</td>
                                <td align="center"><t t-esc="receipt.cashier"/></td>
                                <td align="right">كاشير</td>
                            </tr>
                              <tr>
                                <td align="left">Mobile</td>
                                <td align="center"><t t-esc="env.pos.config.branch_phone"/></td>
                                <td align="right">الهاتف</td>
                            </tr>
                             <tr>
                                <td align="left">Street</td>
                                <td align="center"><t t-esc="env.pos.config.branch_address"/></td>
                                <td align="right">الشارع</td>
                            </tr>
                        </table>
                    </div>
                </t>
            </div>

                    </xpath>
             <xpath expr="//div[hasclass('pos-receipt-order-data')]" position="replace">
            <div class="pos-receipt-order-data">

            </div>
        </xpath>
            <xpath expr="//div[hasclass('pos-receipt-amount-arabic')]" position="replace">
        </xpath>
             <xpath expr="//div[hasclass('receipt-change')]" position="replace">
        </xpath>
             <xpath expr="//div[hasclass('pos-receipt-right-align')]" position="replace">

            </xpath>
            <xpath expr="//span[@t-esc='env.pos.format_currency(receipt.total_discount)']" position="replace">

            </xpath>

        <xpath expr="//div[hasclass('orderlines')]" position="replace">
            <div class="orderlines" style="margin-top: -40px;">
                <table class='receipt-orderlines'>
                    <colgroup>
                        <col width='30%' />
                        <col width='15%' />
                        <col width='20%' />
                        <col width='30%' />
                    </colgroup>
                    <tr style="border-bottom: 1px dashed black;border-top: 1px dashed black;">
                        <th style='text-align:left'>اسم الصنف<br/>Item</th>
                        <th style='text-align:center'>الكمية<br/>Qty</th>
                        <th style='text-align:center'>السعر<br/>Price</th>
                        <th style='text-align:center'>المبلغ<br/>Amount</th>
                    </tr>
                    <tr t-foreach="orderlines"
                        style="border-bottom: dotted !important;"
                        t-as="orderline" t-key="orderline.id">
                        <td>
                            <t t-esc="orderline.get_product().display_name"/>
                            <t t-if="orderline.get_discount() > 0">
                                <div class="pos-disc-font">
                                    With a <t t-esc="orderline.get_discount()"/>
% discount
                                </div>
                            </t>
                        </td>
                        <td style='text-align:center'>
                            <t t-esc="orderline.get_quantity()"/>
                            <!--                            <t t-esc="orderline.get_quantity_str_with_unit()"/>-->
                        </td>
                        <td style='text-align:center'>
                            <t t-esc="env.pos.format_currency_no_symbol(orderline.get_unit_display_price())"></t>
                        </td >
                        <td style='text-align:right'>
                            <t t-esc="env.pos.format_currency_no_symbol(orderline.get_price_with_tax())"/>
                        </td>
                    </tr>
                </table>
            </div>
            </xpath>
<!--            <xpath expr="//div[hasclass('pos-receipt-order-data')]" position="replace"/>-->
<!--            <xpath expr="//div[hasclass('orderlines')]" position="replace">-->
<!--                  <div class="orderlines" style="margin-top:-70px;">-->
<!--                <t t-call="OrderLinesReceipt"/>-->
<!--            </div>-->
<!--            </xpath>-->
             <xpath expr="//img[@id ='qrcode']" position="replace">

        </xpath>
         <xpath expr="//div[hasclass('before-footer')]" position="after">
             <hr/>
            <t if="receipt.is_gcc_country">
                <img t-if="receipt.qr_code" id="qrcode" style="width:250px;height: 250px;" t-att-src="receipt.qr_code" class="pos-receipt-logo"/>
                <br/>
            </t>
        </xpath>
            <xpath expr="//t[@t-if='receipt.total_discount']" position="replace"></xpath>
             <xpath expr="//div[hasclass('pos-receipt-right-align')]" position="replace">
                 <div/>

             </xpath>
             <xpath expr="//t[@t-if='!isTaxIncluded']" position="replace">
                 <t t-set="total_tax" t-value="0"/>
                  <t t-foreach="receipt.tax_details" t-as="tax" t-key="tax.name">
                <t t-set="total_tax" t-value="total_tax+tax.amount"/>
            </t>
            <br/>
                 <table style="border-collapse: separate;border-spacing: 0.5em;">
                     <tr>
                         <td>Total Before Discount</td>
                         <td style="text-align: center"><span style="font-size:13px;font-weight: bold;" t-esc="env.pos.format_currency(receipt.subtotal+receipt.total_discount)"/> </td>
                         <td style="text-align: right;">الإجمالي قبل الخصم</td>
                     </tr>
<!--                 <br/>-->
<!--                 env.pos.format_currency(receipt.total_discount)-->
                     <tr>
                         <td >Total Discount</td>
                         <td style="text-align: center;font-size:13px;font-weight: bold;"><span t-esc="env.pos.format_currency(receipt.total_discount)"/> </td>
                         <td style="text-align: right;">الإجمالي الخصم</td>
                     </tr>
<!--                <br/>-->
                     <tr>
                         <td >Total After Discount</td>
                         <td style="text-align: center;font-size:13px;font-weight: bold;"><span t-esc="env.pos.format_currency(receipt.subtotal)"/> </td>
                         <td style="text-align: right;">الصافي</td>
                     </tr>
<!--                <br/>-->

                 <tr>
                         <td>VAT 15%</td>
                         <td  style="text-align: center"><span style="font-size:13px;font-weight: bold;" t-esc="env.pos.format_currency(total_tax)"/> </td>
                         <td style="text-align: right;">الضريبة <br/>المضافة</td>
                     </tr>
                       <tr>
                         <td>Total</td>
                         <td style="text-align: center;"><span style="font-size:13px;font-weight: bold;" t-esc="env.pos.format_currency(receipt.subtotal+total_tax)"/> </td>
                         <td style="text-align: right;" >الإجمالي</td>
                     </tr>
                 </table>
        </xpath>
<!--        <xpath expr="//div[hasclass('pos-receipt-amount')]" position="replace">-->
<!--                  <table>-->
<!--                 <tr>-->
<!--                         <td>Net Amount</td>-->
<!--                         <td><span t-esc="env.pos.format_currency(total+total_tax)"/> </td>-->
<!--                         <td>الصافي</td>-->
<!--                     </tr>-->
<!--                 </table>-->
<!--                <br/>-->
<!--        </xpath>-->
             <xpath expr="//t[@t-foreach='receipt.paymentlines']" position="replace">
                    <div style="border-top: dotted !important;width: 100%;margin-top: -50px;">
                <t t-foreach="receipt.paymentlines" t-as="line" t-key="line.cid">
                            <div>
                                <t t-esc="line.name" />
                            </div>
                                    <div class="pos-receipt-left-align" style="float:left; width: 100%; !important;">
<div class="pos-receipt-amount" style="padding:0px;">
                            <table style="width: 100%;">
                 <tr>
                         <td >Paid</td>
                         <td style="text-align: right;"><span  style="text-align: right;" t-esc="env.pos.format_currency(line.amount)"/> </td>
                         <td style="text-align: right;" >المدفوع</td>
                     </tr>
                 </table>
    </div>
                                    </div>

                </t>
            </div>
        </xpath>

        <xpath expr="//div[hasclass('pos-receipt-amount') and hasclass('receipt-change')]" position="replace">
            <div class="pos-receipt-amount receipt-change" style="padding:0px;">
                <div class="pos-receipt-left-align" style="float:left;margin-bottom: 10px; width: 100%; !important;">
                    <table style="width: 100%; !important;">
                 <tr>
                         <td>CHANGE</td>
                         <td style="text-align: center;"><span t-esc="env.pos.format_currency(receipt.change)"/> </td>
                         <td style="text-align: right;">المتبقي</td>
                     </tr>
                 </table>
                </div>
                <br/>
                <br/>
            </div>
        </xpath>
        </t>
<!--    <t t-inherit="point_of_sale.OrderLinesReceipt" t-inherit-mode="extension" owl="1">-->

<!--        <xpath expr="//div[hasclass('pos-receipt-left-padding')]" position="replace">-->
<!--        </xpath>-->
<!--    </t>-->

</templates>
